Societe,Date,Annee,Periode,Devise,Echelle,actif_total,actif_courant,actif_immobilise,stocks,clients,liquidites,placements,immo_corp_brut,immo_incorp_brut,amort_corp,amort_incorp,capitaux_propres,capital_social,dettes_total,dettes_courantes,dettes_non_courantes,fournisseurs,passif_total,ca,resultat_exploitation,resultat_net,charges_personnel,dotations_amort,charges_expl_total,produits_expl_total,resultat_financier_net,produits_placements,ebe,va,marge_commerciale,production,achats_consommes,marge_cout_matieres,ventes_marchandises,capitaux_permanents,fonds_roulement,bfr,amort_cumul,immo_brut,charges_decaissables,charges_financieres_est
AB inBev,2015-12-31,2015,FY,USD,million,,,,2862.0,913.0,6923.0,48.0,,,,,,1736.0,,,,1241.0,134635.0,43604.0,13768.0,9867.0,,,,,,,16839.0,,,,,,,,,2534.0,0.0,0.0,,
AB inBev,2016-12-31,2016,FY,USD,million,,,,,,,,,,,,,,,,,,,53942.0,13276.0,2769.0,,,,,,,16753.0,,,,,,,,,0.0,0.0,0.0,,
AB inBev,2017-12-31,2017,FY,USD,million,,,,,,,,,,,,,,,,,,,56444.0,17814.0,9183.0,,,,,,,22084.0,,,,,,,,,0.0,0.0,0.0,,
AB inBev,2018-12-31,2018,FY,USD,million,,,,,,,,,,,,,,,,,,,53041.0,17107.0,5688.0,,,,,,,21732.0,,,,,,,,,0.0,0.0,0.0,,
AB inBev,2019-12-31,2019,FY,USD,million,,,,,,,,,,,,,,,,,,,52329.0,16421.0,10414.0,,,,,,,21078.0,,,,,,,,,0.0,0.0,0.0,,
AB inBev,2020-12-31,2020,FY,USD,million,,,,,,,,,,,,,,,,,,,46881.0,12723.0,2202.0,,,,,,,17321.0,,,,,,,,,0.0,0.0,0.0,,
AB inBev,2021-12-31,2021,FY,USD,million,,,,,,,,,,,,,,,,,,,54304.0,14438.0,6114.0,,,,,,,19209.0,,,,,,,,,0.0,0.0,0.0,,
AB inBev,2022-12-31,2022,FY,USD,million,212943.0,23186.0,189757.0,6612.0,1782.0,9973.0,175.0,,,,,84278.0,1736.0,128665.0,34383.0,94282.0,859.0,212943.0,57786.0,14768.0,7597.0,,,,,,,19843.0,,,,,,,178560.0,-11197.0,7535.0,0.0,0.0,,
AB inBev,2023-12-31,2023,FY,USD,million,219340.0,23367.0,195973.0,5583.0,1941.0,10332.0,178.0,,,,,92676.0,1736.0,126664.0,37156.0,89508.0,738.0,219340.0,59380.0,14590.0,6891.0,,,,,,,19976.0,,,,,,,182184.0,-13789.0,6786.0,0.0,0.0,,
AB inBev,2024-12-31,2024,FY,USD,million,206637.0,22999.0,183637.0,5020.0,1577.0,11174.0,168.0,,,,,88700.0,1736.0,117937.0,33066.0,84871.0,797.0,206637.0,59768.0,15462.0,7416.0,,,,,,,20958.0,,,,,,,173571.0,-10066.0,5800.0,0.0,0.0,,
AB inBev,2025-12-31,2025,FY,USD,million,218808.0,24769.0,194039.0,5107.0,1871.0,11638.0,161.0,,,,,97736.0,1736.0,121072.0,34475.0,86596.0,869.0,218808.0,59320.0,15854.0,8477.0,,,,,,,21223.0,,,,,,,184332.0,-9707.0,6109.0,0.0,0.0,,
Coca-Cola,2015-12-31,2015,FY,USD,million,89996.0,33395.0,56601.0,2902.0,,,8322.0,,,,,25764.0,,64232.0,26929.0,37303.0,9660.0,89996.0,44294.0,8728.0,7366.0,,1970.0,,,,,10698.0,,,,,,,63067.0,6466.0,-6758.0,0.0,0.0,,
Coca-Cola,2016-12-31,2016,FY,USD,million,87270.0,34010.0,53260.0,2675.0,,,9595.0,,,,,23220.0,,64050.0,26532.0,37518.0,9490.0,87270.0,41863.0,8626.0,6550.0,,1787.0,,,,,10413.0,,,,,,,60738.0,7478.0,-6815.0,0.0,0.0,,
Coca-Cola,2017-12-31,2017,FY,USD,million,87896.0,36545.0,51351.0,2655.0,,,9352.0,,,,,18977.0,,68919.0,27194.0,41725.0,8748.0,87896.0,35410.0,7501.0,1283.0,,1260.0,,,,,8761.0,,,,,,,60702.0,9351.0,-6093.0,0.0,0.0,,
Coca-Cola,2018-12-31,2018,FY,USD,million,83216.0,24930.0,58286.0,3071.0,,9077.0,2025.0,,,,,19058.0,,64158.0,28782.0,35376.0,9533.0,83216.0,34300.0,9152.0,6476.0,,1086.0,,,,,10238.0,,,,,,,54434.0,-3852.0,-6462.0,0.0,0.0,,
Coca-Cola,2019-12-31,2019,FY,USD,million,86381.0,20411.0,65970.0,3379.0,,6480.0,1467.0,,,,,21098.0,,65283.0,26973.0,38310.0,11312.0,86381.0,37266.0,10086.0,8985.0,,1365.0,,,,,11451.0,,,,,,,59408.0,-6562.0,-7933.0,0.0,0.0,,
Coca-Cola,2020-12-31,2020,FY,USD,million,87296.0,19240.0,68056.0,3266.0,,6795.0,1771.0,,,,,21284.0,,66012.0,14601.0,51411.0,11145.0,87296.0,33014.0,8997.0,7768.0,,1536.0,,,,,10533.0,,,,,,,72695.0,4639.0,-7879.0,0.0,0.0,,
Coca-Cola,2021-12-31,2021,FY,USD,million,94354.0,22545.0,71809.0,3414.0,,9684.0,1242.0,,,,,24860.0,,69494.0,19950.0,49544.0,14619.0,94354.0,38655.0,10308.0,9804.0,,1452.0,,,,,11760.0,,,,,,,74404.0,2595.0,-11205.0,0.0,0.0,,
Coca-Cola,2022-12-31,2022,FY,USD,million,92763.0,22591.0,70172.0,4233.0,,9519.0,1043.0,,,,,25826.0,,66937.0,19724.0,47213.0,15749.0,92763.0,43004.0,10909.0,9571.0,,1260.0,,,,,12169.0,,,,,,,73039.0,2867.0,-11516.0,0.0,0.0,,
Coca-Cola,2023-12-31,2023,FY,USD,million,97703.0,26732.0,70971.0,4424.0,,9366.0,2997.0,,,,,27480.0,,70223.0,23571.0,46652.0,15485.0,97703.0,45754.0,11311.0,10703.0,,1128.0,,,,,12439.0,,,,,,,74132.0,3161.0,-11061.0,0.0,0.0,,
Coca-Cola,2024-12-31,2024,FY,USD,million,100549.0,25997.0,74552.0,4728.0,,10828.0,2020.0,,,,,26372.0,,74177.0,25249.0,48928.0,21712.0,100549.0,47061.0,9992.0,10649.0,,1075.0,,,,,11067.0,,,,,,,75300.0,748.0,-16984.0,0.0,0.0,,
Coca-Cola,2025-12-31,2025,FY,USD,million,104816.0,31044.0,73772.0,4425.0,,10270.0,3602.0,,,,,34275.0,,70541.0,21281.0,49260.0,14813.0,104816.0,47941.0,13762.0,13137.0,,1050.0,,,,,14812.0,,,,,,,83535.0,9763.0,-10388.0,0.0,0.0,,
DELICE,2015-12-31,2015,FY,TND,unite,597805271.0,25053642.0,554751629.0,,,,16500000.0,3687.0,,-1106.0,,27085130.0,549072620.0,1371405.0,1371405.0,0.0,6172.0,597805271.0,26575227.0,25675795.0,27085130.0,299862.0,737.0,1192682.0,26868477.0,426.0,1601042.0,25676532.0,,,,,,,27085130.0,-527666499.0,-6172.0,1106.0,3687.0,1191945.0,0.0
DELICE,2016-12-31,2016,FY,TND,unite,577303474.0,22461040.0,554842434.0,,,,15500000.0,68297.0,35218.0,-6216.0,-3913.0,23118422.0,549072620.0,459454.0,459454.0,0.0,65339.0,577303474.0,26809569.0,25561765.0,23118422.0,375213.0,9023.0,1639528.0,27201293.0,,857270.0,25570788.0,,,,,,,23118422.0,-531724012.0,-65339.0,10129.0,103515.0,1630505.0,
DELICE,2017-12-31,2017,FY,TND,unite,578482624.0,22843594.0,555639030.0,,,,18500000.0,127479.0,35218.0,-27062.0,-15653.0,23642694.0,549072620.0,1056961.0,1056961.0,0.0,71606.0,578482624.0,23630964.0,22904020.0,23642694.0,530904.0,32586.0,1826944.0,24730964.0,,787132.0,22936606.0,,,,,,,23642694.0,-531996336.0,-71606.0,42715.0,162697.0,1794358.0,
DELICE,2018-12-31,2018,FY,TND,unite,526946725.0,258793851.0,268152874.0,105922277.0,32252305.0,,37211858.0,508023749.0,4914908.0,,,30891570.0,549072620.0,344654045.0,214037834.0,17024554.0,105514264.0,526946725.0,844483415.0,48193614.0,30053135.0,,,,851779866.0,,,,,,,,,,47916124.0,-220236750.0,32660318.0,0.0,512938657.0,,
DELICE,2019-12-31,2019,FY,TND,unite,640918067.0,322173968.0,318744099.0,134275761.0,30776033.0,,10221669.0,592304987.0,5121340.0,,,46529346.0,549072620.0,429922803.0,259507129.0,19918024.0,112273321.0,640918067.0,965360619.0,59946199.0,43011222.0,,,,978759109.0,,,,,,,,,,66447370.0,-252296729.0,52778473.0,0.0,597426327.0,,
DELICE,2020-12-31,2020,FY,TND,unite,580099540.0,21913595.0,558185945.0,,2125304.0,,9000000.0,431563.0,35218.0,-144786.0,-35218.0,21341311.0,549072620.0,558758229.0,1540294.0,200000.0,17733.0,580099540.0,22354097.0,20786131.0,21341311.0,2403363.0,1662310.0,4565481.0,25351612.0,,705184.0,22448441.0,,,,,,,21541311.0,-536644634.0,2107571.0,180004.0,466781.0,2903171.0,
DELICE,2021-12-31,2021,FY,TND,unite,582323759.0,16387658.0,565936101.0,,3433154.0,,2000000.0,624143.0,35218.0,-258730.0,-35218.0,21356122.0,549072620.0,560967637.0,2558274.0,365804.0,188299.0,582323759.0,20942799.0,21032656.0,21356122.0,3607506.0,779749.0,5046060.0,26078716.0,,456095.0,21812405.0,,,,,,,21721926.0,-544214175.0,3244855.0,293948.0,659361.0,4266311.0,
DELICE,2022-12-31,2022,FY,TND,unite,586426976.0,12994788.0,573432188.0,,1012810.0,,2116698.0,570943.0,35218.0,-311944.0,-35218.0,23926803.0,549072620.0,3416180.0,,455150.0,420700.0,586426976.0,23562430.0,25360709.0,23926803.0,1649635.0,-1804241.0,572247.0,25932956.0,,572136.0,27164950.0,,,,,,,24381953.0,-549050235.0,592110.0,347162.0,606161.0,2376488.0,
DELICE,2023-12-31,2023,FY,TND,unite,597808147.0,24360836.0,573447311.0,,1494694.0,,7000000.0,632903.0,35218.0,-358780.0,-35218.0,34430924.0,549072620.0,2329332.0,,517474.0,371831.0,597808147.0,34179018.0,34072509.0,34430924.0,1737080.0,172651.0,2662550.0,36735059.0,-1687.0,424710.0,34245160.0,,,,,,,34948398.0,-538498913.0,1122863.0,393998.0,668121.0,2489899.0,1687.0
DELICE,2024-12-31,2024,FY,TND,unite,623715162.0,50374600.0,573340562.0,,1408476.0,,12914633.0,644195.0,35218.0,-476821.0,-35218.0,58901016.0,549072620.0,2279688.0,,612224.0,30170.0,623715162.0,58382497.0,58775684.0,58901016.0,2058078.0,212790.0,2956813.0,61732497.0,-215.0,,58988474.0,,,,,,,59513240.0,-513827322.0,1378306.0,512039.0,679413.0,2744023.0,215.0
DELICE,2025-12-31,2025,FY,TND,unite,662806277.0,89555005.0,573251272.0,,1612544.0,,32200128.0,650354.0,35218.0,-568670.0,-35218.0,64781775.0,549072620.0,31496290.0,,650674.0,20664.0,662806277.0,63611762.0,63739609.0,64781775.0,2262891.0,130299.0,3222777.0,66962385.0,-12706.0,,63869908.0,,,,,,,65432449.0,-507818823.0,1591880.0,603888.0,685572.0,3092478.0,12706.0
SFBT,2005-03-31,2005,T1,TND,unite,,,,,,,,,,,,,,,,,,,33345548.459,6052700.947,12777061.151,2836272.32,2303774.283,29200243.9,35252944.848,-243091.19,8327255.798,8356475.2299999995,,,,9797950.561,,,,,0.0,0.0,0.0,26896469.617,243091.19
SFBT,2005-06-30,2005,S1,TND,unite,218693721.048,63897189.617,152954696.698,17158793.975,33360414.577,6801181.091,3584748.84,144544889.511,261092.103,-85627166.986,-172632.568,123069333.981,48000000.0,95624387.067,56950247.362,38674139.705,15313647.147,218693721.048,66691096.919,12105401.895,25554122.302,5672544.639,4607548.565,58400487.801,70505889.696,-486182.379,16654511.597,16712950.46,,,,19595901.122,,,161743473.686,8788776.987999976,35205561.405,85799799.554,144805981.614,53792939.236,486182.379
SFBT,2005-09-30,2005,9M,TND,unite,213460678.555,59464799.999,152167912.654,17706537.05,28788187.554,7068805.245,3506347.889,145506690.052,276979.892,-87001798.38,-200760.549,128768791.111,48000000.0,84691887.444,47994779.448,36697107.996,13533314.745,213460678.555,104671680.744,,30929860.431,8227717.222,8124903.654,,,,,,,,,32459719.514,,,165465899.107,13297986.45299998,32961409.859000005,87202558.92899999,145783669.94399998,,
SFBT,2005-12-31,2005,FY,TND,unite,208227636.062,55032410.381,151381128.609,18254280.126,24215960.532,7336429.399,3427946.939,146468490.593,292867.68,-88376429.773,-228888.529,134468248.24,48000000.0,73759387.822,39039311.535,34720076.287,11752982.342,208227636.062,142652264.569,,36305598.561,10782889.805,11642258.743,,,,,,,,,45323537.907,,,169188324.527,17807195.918000013,30717258.316,88605318.302,146761358.273,,
SFBT,2006-03-31,2006,T1,TND,unite,222252055.058,63989963.775,156360224.748,19916014.587,30371521.157,8488128.651,3423896.517,151525673.979,302345.108,-90192653.287,-228888.529,135662454.383,49988950.276,86589600.674,51529162.402,35060438.272,10001026.046,222252055.058,36084948.543,6527288.81,14843919.409,2801223.347,2278262.522,32271338.688,38798627.498,-279251.856,9755349.469,8805551.331999999,,,,11605974.707,,,170722892.65499997,14362667.906999975,40286509.698,90421541.816,151828019.087,29993076.166,279251.856
SFBT,2006-06-30,2006,S1,TND,unite,236432300.931,73047045.54,161394644.177,21596212.765,36595476.9,9652624.562,3419801.091,156639048.291,311927.84,-92029057.063,-228888.529,136869929.484,52000000.0,99562371.447,64157789.39,35404582.057,8229603.568,236432300.931,72169897.087,13054577.62,29687838.819,5602446.694,4556525.044,64542677.376,77597254.996,-558503.713,19510698.939,17611102.663999997,,,,23211949.414,,,172274511.541,10879867.364000022,49962086.097,92257945.592,156950976.131,59986152.332,558503.713
SFBT,2006-09-30,2006,9M,TND,unite,225846046.29,63242077.209,160613718.835,19712599.069,31604063.48,5732196.831,3423516.246,158301912.796,316999.2,-93286263.118,-244082.601,142248222.725,52000000.0,83597823.565,50143470.766,33454352.799,9097026.499,225846046.29,108859159.881,20725020.846,35263144.447,8205361.627,7168948.783,96322835.918,117047856.764,-916431.738,19596629.476,27893969.629,,,,37396209.866,,,175702575.524,15088856.68899998,42219636.05,93530345.719,158618911.996,89153887.13499999,916431.738
SFBT,2006-12-31,2006,FY,TND,unite,215259791.649,53437108.878,159832793.492,17828985.374,26612650.061,1811769.1,3427231.401,159964777.3,322070.56,-94543469.174,-259276.672,147626515.966,52000000.0,67633275.683,36129152.141,31504123.542,9964449.431,215259791.649,145548422.675,28395464.072,40838450.076,10808276.559,9781372.523,128102994.46,156498458.532,-1274359.764,19682560.013,38176836.595,,,,51580470.317,,,179130639.508,19297846.015999973,34477186.004,94802745.846,160286847.86,118321621.93699999,1274359.764
SFBT,2007-03-31,2007,T1,TND,unite,227574587.218,66944898.86,158622540.699,20118025.088,32510373.689,2995105.531,6386083.159,161726062.83,327946.335,-96421213.365,-265348.603,148973321.029,53988950.276,78601266.188,46692566.106,31908700.082,12406214.167,227574587.218,35207828.065,7299043.241,16000399.451,2838182.135,2908076.52,30436824.189,37735867.43,-226381.463,10744609.492,10207119.761,,,,12327770.786,,,180882021.111,22259480.412,40222184.61,96686561.968,162054009.16500002,27528747.669,226381.463
SFBT,2007-06-30,2007,S1,TND,unite,240026213.848,80602775.398,157398840.653,22432498.576,38473627.58,4191590.145,9377811.047,163506918.2,333887.396,-98319821.381,-271488.0,150335090.593,56000000.0,89691123.255,57373351.338,32317771.917,14875109.622,240026213.848,70415656.131,14598086.482,32000798.902,5676364.269,5816153.04,60873648.378,75471734.86,-452762.926,21489218.985,20414239.522,,,,24655541.572,,,182652862.51,25254021.856999993,46031016.534,98591309.381,163840805.596,55057495.338,452762.926
SFBT,2007-09-30,2007,9M,TND,unite,235386143.28,70526292.162,162892804.181,21860183.516,31212152.898,4759863.583,8382487.247,168003619.344,367616.927,-100074558.629,-281672.044,156314668.484,56000000.0,79071474.796,48427653.992,30643820.804,13637926.211,235386143.28,109203325.646,23225484.986,38156660.38,8362003.894,8542096.803,93904260.58,117129745.565,-1069315.82,21728937.973,31767581.789,,,,38297113.311,,,186958489.288,24065685.106999993,39434410.202999994,100356230.673,168371236.271,85362163.777,1069315.82
SFBT,2007-12-31,2007,FY,TND,unite,230746072.711,60449808.927,168386767.709,21287868.456,23950678.217,5328137.022,7387163.446,172500320.488,401346.459,-101829295.877,-291856.089,162294246.374,56000000.0,68451826.337,39481956.645,28969869.692,12400742.8,230746072.711,147990995.162,31852883.489,44312521.858,11047643.519,11268040.566,126934872.781,158787756.27,-1685868.715,21968656.961,43120924.055,,,,51938685.049,,,191264116.066,22877348.357000023,32837803.873,102121151.966,172901666.947,115666832.215,1685868.715
SFBT,2008-03-31,2008,T1,TND,unite,247898600.98,75876186.821,170139124.134,21609120.774,30039428.556,11849784.247,5400819.628,174997053.358,402596.459,-103380102.898,-298497.138,163331226.734,56000000.0,84567374.246,55013529.807,29553844.44,13943096.246,247898600.98,36309659.067,8025502.042,17136980.36,2962301.831,2408840.812,31466891.207,39492393.248,-266305.371,10628106.772,10434342.854,,,,13019269.276,,,192885071.174,22745947.03999999,37705453.084,103678600.036,175399649.817,29058050.395,266305.371
SFBT,2008-06-30,2008,S1,TND,unite,265051129.249,91302564.715,171891480.559,21930373.092,36128178.896,18371431.471,3414475.81,177493786.228,403846.459,-104930909.919,-305138.187,164368207.094,56000000.0,100682922.155,70545102.968,30137819.187,15485449.691,265051129.249,72619318.134,16051004.084,34273960.72,5924603.661,4817681.624,62933782.413,78984786.497,-532610.742,21256213.543,20868685.708,,,,26038538.553,,,194506026.28100002,22614545.722000033,42573102.297,105236048.106,177897632.68699998,58116100.789000005,532610.742
SFBT,2008-09-30,2008,9M,TND,unite,252615773.641,75122766.372,175685852.562,22744845.411,31154536.85,10047808.716,3871940.867,179836729.336,418346.459,-106551024.209,-321980.877,171640816.007,56000000.0,80974957.635,50934090.86,30040866.774,11715036.546,252615773.641,115988801.44,25229712.24,41546569.633,8550802.718,7208184.71,100305057.824,125534770.064,-892134.482,21555369.918,32437896.95,,,,43707274.233,,,201681682.781,25995830.218999982,42184345.715,106873005.08600001,180255075.795,93096873.11400001,892134.482
SFBT,2008-12-31,2008,FY,TND,unite,240180418.034,58942968.029,179480224.565,23559317.731,26180894.805,1724185.96,4329405.924,182179672.443,432846.459,-108171138.499,-338823.566,178913424.919,56000000.0,61266993.115,31323078.753,29943914.362,7944623.401,240180418.034,159358284.746,34408420.396,48819178.545,11177001.775,9598687.796,137676333.235,172084753.631,-1251658.223,21854526.292,44007108.192,,,,61376009.913,,,208857339.281,29377114.71599999,41795589.135,108509962.065,182612518.90199998,128077645.43900001,1251658.223
SFBT,2009-03-31,2009,T1,TND,unite,261748423.127,77835352.781,182292122.234,24088521.795,35624678.157,6741623.885,7535229.176,186055980.089,432846.459,-109904496.911,-347672.092,180241481.515,56000000.0,83001706.508,52499202.736,30502503.772,13755269.765,263243188.023,41526829.819,8494760.822,18252633.247,3181092.643,2246875.385,36784796.753,45279557.576,-167837.051,11024456.801,10741636.207,,,,13521947.638,,,210743985.287,28451863.053000003,45957930.187,110252169.00299999,186488826.54799998,34537921.368,167837.051
SFBT,2009-06-30,2009,S1,TND,unite,283556072.721,96937652.92,185135263.211,24623605.905,45173392.435,11814811.12,10776672.686,189975357.82,432846.459,-111657114.861,-356618.935,181584294.295,56000000.0,104977916.717,73910616.985,31067299.732,19630478.867,286562211.012,83053659.638,16989521.645,36505266.494,6362185.285,4493750.771,73569593.507,90559115.152,-335674.102,22048913.602,21483272.416,,,,27043895.277,,,212651594.02699998,27516330.815999985,50166519.473000005,112013733.796,190408204.27899998,69075842.736,335674.102
SFBT,2009-09-30,2009,9M,TND,unite,284722932.814,95772334.936,187306234.219,24139712.806,40446297.171,19563529.968,9005098.159,190837498.289,463951.209,-112974151.561,-371806.446,190413952.543,56000000.0,95812049.417,56440032.126,39372017.291,14096631.19,286226001.96,131804693.285,28276963.197,45217726.183,9192575.777,6907390.522,115217992.416,143494955.613,-1067343.477,22383125.889,35184353.719,,,,44233777.754,,,229785969.83400002,42479735.61500001,50489378.787,113345958.007,191301449.498,108310601.894,1067343.477
SFBT,2009-12-31,2009,FY,TND,unite,285889792.908,94607016.952,189477205.226,23655819.706,35719201.906,27312248.816,7233523.631,191699638.758,495055.959,-114291188.261,-386993.958,199243610.791,56000000.0,86646182.117,38969447.268,47676734.849,8562783.514,285889792.908,180555726.932,39564404.749,53930185.872,12022966.27,9321030.274,156866391.325,196430796.074,-1799012.851,22717338.176,48885435.023,,,,61423660.231,,,246920345.64000002,57443140.414000005,50812238.098000005,114678182.21900001,192194694.71699998,147545361.051,1799012.851
SFBT,2010-03-31,2010,T1,TND,unite,299947210.689,103814026.423,194339903.125,29132143.83,43033044.991,19933328.907,8024161.881,196644399.486,495055.979,-116196354.872,-401334.31,200439817.304,58486187.845,99507393.385,51158153.599,48349239.786,18750252.209,299947210.689,46998758.5,10060246.0,19502852.0,3101915.5,2330847.5,40927804.0,50988050.0,929041.5,12353717.0,12391093.5,,,,22407139.0,,,248789057.08999997,54449153.964999974,53414936.611999996,116597689.182,197139455.465,38596956.5,0.0
SFBT,2010-06-30,2010,S1,TND,unite,314160822.0,113123336.0,199256631.0,34669316.0,50428153.0,12472421.0,8823585.0,201644102.0,495056.0,-118122690.0,-415834.0,201649315.0,61000000.0,112511507.0,63482290.0,49029217.0,29050915.0,314160822.0,93997517.0,20120492.0,39005704.0,6203831.0,4661695.0,81855608.0,101976100.0,1858083.0,24707434.0,24782187.0,,,,44814278.0,,,250678532.0,51421901.0,56046554.0,118538524.0,202139158.0,77193913.0,0.0
SFBT,2010-09-30,2010,9M,TND,unite,318019215.806,113950598.118,202166976.186,34847515.249,54561840.942,12649411.306,7844734.391,205727085.534,518654.504,-119307812.632,-427263.084,209832394.505,61000000.0,108186821.301,59958715.997,48228105.304,22572661.678,318019215.806,150949116.663,31005991.899,47188783.609,9305432.758,7091331.294,132220356.81,163226348.709,-522023.066,24910725.528,38097323.193,,,,73486108.44,,,258060499.809,55893523.622999996,66836694.513,119735075.716,206245740.03800002,125129025.516,522023.066
SFBT,2010-12-31,2010,FY,TND,unite,321877609.613,114777860.236,205077321.372,35025714.498,58695528.884,12826401.613,6865883.783,209810069.067,542253.009,-120492935.264,-438692.168,218015474.01,61000000.0,103862135.603,56435141.994,47426993.609,16094408.356,321877609.613,207900716.326,41891491.798,55371863.219,12407034.515,9520967.589,182585105.62,224476597.418,-2902129.133,25114017.057,51412459.387,,,,102157938.879,,,265442467.619,60365146.24699998,77626835.026,120931627.432,210352322.076,173064138.03100002,2902129.133
SFBT,2011-03-31,2011,T1,TND,unite,336076590.579,117104497.853,216912149.143,35797983.864,59585363.914,9690936.557,6641233.946,221638913.233,542253.005,-122632792.039,-450704.847,220885322.9,63486187.845,115191267.679,67047983.765,48143283.914,15991863.87,336076590.579,52311766.5,11101869.0,22685792.5,5081688.0,2586330.0,46309007.0,57410876.0,862601.0,14651018.5,13688199.0,,,,26728419.0,,,269028606.814,52116457.671000004,79391483.90799999,123083496.886,222181166.238,43722677.0,0.0
SFBT,2011-06-30,2011,S1,TND,unite,350433338.0,119456987.0,228878475.0,36578834.0,60485086.0,6520633.0,6414088.0,233599189.0,542253.0,-124796425.0,-462851.0,223787059.0,66000000.0,126646279.0,77778746.0,48867533.0,15888180.0,350433338.0,104623533.0,22203738.0,45371585.0,10163376.0,5172660.0,92618014.0,114821752.0,1725202.0,29302037.0,27376398.0,,,,53456838.0,,,272654592.0,43776117.0,81175740.0,125259276.0,234141442.0,87445354.0,0.0
SFBT,2011-09-30,2011,9M,TND,unite,345533046.978,114369945.502,228678332.068,36046424.727,59128819.432,7493622.986,5950767.985,238619869.296,567253.005,-127074937.273,-475912.62,232798564.199,66000000.0,112734482.78,64663872.817,48070609.962,16526761.536,345533046.978,172440449.364,34719232.114,54383090.193,16160283.912,9248488.308,153548507.672,188267739.786,-1127471.728,29053568.881,43967720.422,,,,87927345.551,,,280869174.161,52190842.093000025,78648482.623,127550849.893,239187122.301,144300019.364,1127471.728
SFBT,2011-12-31,2011,FY,TND,unite,340632755.956,109282904.005,228478189.137,35514015.453,57772552.863,8466612.972,5487447.97,243640549.592,592253.009,-129353449.547,-488974.241,241810069.397,66000000.0,98822686.559,51548999.635,47273686.924,17165343.072,340632755.956,240257365.729,47234726.228,63394595.387,22157191.824,13324316.617,214479001.344,261713727.572,-3980145.456,28805100.762,60559042.845,,,,122397853.102,,,289083756.32100004,60605567.184000045,76121225.244,129842423.788,244232802.601,201154684.727,3980145.456
SFBT,2012-03-31,2012,T1,TND,unite,373951325.478,131579016.502,239856616.068,38803131.727,64877458.432,14741751.486,8541723.985,251558844.296,676298.505,-131009208.773,-516019.12,244967255.699,71000000.0,128984069.78,80545109.317,48438960.462,18454235.536,373951325.478,65804938.5,12938436.5,24457186.5,5962165.0,2970703.0,58822647.5,71761084.0,-855959.5,14813910.5,15909139.5,,,,32565655.5,,,293406216.161,53549600.093000025,85226354.623,131525227.893,252235142.801,55851944.5,855959.5
SFBT,2012-06-30,2012,S1,TND,unite,407269895.0,153875129.0,251235043.0,42092248.0,71982364.0,21016890.0,11596000.0,259477139.0,760344.0,-132664968.0,-543064.0,248124442.0,76000000.0,159145453.0,109541219.0,49604234.0,19743128.0,407269895.0,131609877.0,25876873.0,48914373.0,11924330.0,5941406.0,117645295.0,143522168.0,-1711919.0,29627821.0,31818279.0,,,,65131311.0,,,297728676.0,46493633.0,94331484.0,133208032.0,260237483.0,111703889.0,1711919.0
SFBT,2012-09-30,2012,9M,TND,unite,389070435.035,132099965.345,254400632.85,41019496.497,61874220.003,15539254.514,7879214.627,263812311.076,763981.363,-135397391.817,-568177.019,260781949.072,76000000.0,128288485.963,79708426.547,48580059.416,18878373.462,389070435.035,211901035.157,40831616.497,61571879.873,18056609.58,9719061.708,189590249.421,230421865.918,-2843807.446,29854348.21,50550678.205,,,,107688117.618,,,309362008.488,54961375.63799998,84015343.038,135965568.836,264576292.439,179871187.713,2843807.446
SFBT,2012-12-31,2012,FY,TND,unite,370870975.071,110324801.691,257566222.699,39946744.993,51766076.007,10061619.027,4162429.255,268147483.152,767618.726,-138129815.634,-593290.039,273439456.144,76000000.0,97431518.927,49875634.095,47555884.832,18013618.923,370870975.071,292192193.315,55786359.994,74229386.747,24188889.161,13496717.416,261535203.842,317321563.836,13496717.0,30080875.42,69283078.0,95056931.0,-516177.0,254818929.0,150244924.0,104574005.0,37586107.0,320995340.976,63429118.27700001,73699202.07699999,138723105.673,268915101.878,248038486.426,0.0
SFBT,2013-03-31,2013,T1,TND,unite,394373741.61,119389418.364,272490316.716,43575583.781,55668397.44,7535511.445,4021606.974,271267994.9,1190208.641,-140726080.623,-619236.373,283302153.807,77988950.276,111071587.803,62956396.147,48115191.656,17827967.359,394373741.61,77408266.5,17205062.0,35584953.5,6770407.0,3472279.5,67217767.5,84422829.5,-1571549.5,23335876.5,20677341.5,,,,38035239.0,,,331417345.463,58927028.74699998,81416013.862,141345316.996,272458203.54099995,63745488.0,1571549.5
SFBT,2013-06-30,2013,S1,TND,unite,418137650.0,128554753.0,287580234.0,47244743.0,59614078.0,4981336.0,3879220.0,274423179.0,1617494.0,-143351193.0,-645471.0,293274437.0,80000000.0,124863213.0,76182500.0,48680713.0,17640253.0,418137650.0,154816533.0,34410124.0,71169907.0,13540814.0,6944559.0,134435535.0,168845659.0,-3143099.0,46671753.0,41354683.0,,,,76070478.0,,,341955150.0,54374916.0,89218568.0,143996664.0,276040673.0,127490976.0,3143099.0
SFBT,2013-09-30,2013,9M,TND,unite,424474137.612,131178203.692,290797991.61,45927131.527,59768356.829,11483808.893,3711248.399,277271525.588,1604307.363,-145956237.195,-673731.689,305951131.714,80000000.0,118523005.898,71358449.244,47164556.654,17071275.235,424474137.612,237320616.454,49593915.979,83846601.641,19690446.027,11966804.455,209194133.66,258788049.64,-4917405.02,46915626.916,61560720.434,,,,119080493.826,,,353115688.368,62317696.75799996,88624213.121,146629968.884,278875832.951,197227329.20499998,4917405.02
SFBT,2013-12-31,2013,FY,TND,unite,430810625.224,133801654.383,294015749.22,44609520.054,59922635.658,17986281.786,3543276.798,280119872.176,1591120.726,-148561281.39,-701992.378,318627826.427,80000000.0,112182798.797,66534398.489,45648400.308,16502297.47,430810625.224,319824699.909,64777707.959,96523296.283,25840078.055,16989049.911,283952732.321,348730440.28,16989050.0,47159500.832,81766757.0,109477269.0,-650433.0,277515313.0,162090510.0,115424803.0,43133256.0,364276226.735,70260477.51499999,88029858.242,149263273.76799998,281710992.902,266963682.40999997,0.0
SFBT,2014-03-31,2014,T1,TND,unite,450927922.464,146155988.093,302234868.781,47670307.707,67348321.616,14436543.168,3161542.235,283410067.062,1605055.927,-151347069.595,-728133.87,328094571.771,84972375.691,122833350.693,76332029.365,46501321.328,19340171.766,450927922.464,74854574.25,17246689.88,38769338.373,6939823.195,3530243.331,65776980.68,83023670.56,-446107.556,23889584.866,20776933.211,,,,35269571.709,,,374595893.09900004,72361024.31800002,95678457.557,152075203.465,285015122.98899996,62246737.349,446107.556
SFBT,2014-06-30,2014,S1,TND,unite,471268745.229,158647592.178,310545311.893,50765104.112,74856515.195,10847363.009,2775566.177,286736819.669,1619145.964,-154163811.002,-754565.824,337666503.174,90000000.0,133602242.055,86238522.807,47363719.248,22209577.998,471268745.229,149709148.5,34493379.76,77538676.747,13879646.389,7060486.662,131553961.36,166047341.12,-892215.112,47779169.732,41553866.422,,,,70539143.418,,,385030222.42200005,74484910.52900004,103412041.309,154918376.826,288355965.633,124493474.698,892215.112
SFBT,2014-09-30,2014,9M,TND,unite,476558629.526,156837242.879,317288181.187,51159716.515,65033749.65,23659704.564,3260413.521,295314017.468,,-156769363.197,-780476.849,351344133.115,90000000.0,125214496.411,77488091.611,47726404.8,23990956.356,476558629.526,241194062.641,51808658.32,91368306.688,20742736.837,11846316.542,214191409.71,266000068.03,-1623196.478,48081341.742,63654974.862,,,,117372355.488,,,399070537.915,81782356.72800004,92202509.80899999,157549840.046,295314017.468,202345093.168,1623196.478
SFBT,2014-12-31,2014,FY,TND,unite,481848513.823,155026893.58,324031050.48,51554328.918,55210984.106,36472046.118,3745260.865,303891215.267,,-159374915.393,-806387.873,365021763.056,90000000.0,116826750.767,68737660.416,48089090.351,25772334.715,481848513.823,332678976.782,69123936.88,105197936.629,27605827.286,16632146.422,296828858.059,365952794.939,16632147.0,48383513.753,85756084.0,116235972.0,-957323.0,287615129.0,164162822.0,123452307.0,45581593.0,413110853.407,89079802.92699999,80992978.30899999,160181303.266,303891215.267,280196711.637,0.0
SFBT,2015-03-31,2015,T1,TND,unite,501101974.599,169775540.84,328946318.524,57900138.565,67921386.279,23879641.563,3743555.051,307282014.378,,-162684637.126,-824482.342,371549906.945,97458563.536,129552067.654,80693867.276,48858200.378,27904827.197,501101974.599,74378237.059,16996918.794,40706411.355,7513158.91,4108287.627,64681946.966,81678865.76,-472451.366,26969750.12,21105206.421,,,,34921467.61,,,420408107.323,91461788.79900002,97916697.647,163509119.468,307282014.378,60573659.339,472451.366
SFBT,2015-06-30,2015,S1,TND,unite,520569362.716,184688061.958,333916200.658,64316457.208,80773015.142,11147321.401,3741830.284,310710489.034,2578437.69,-166031133.545,-842777.86,378150585.766,105000000.0,142418776.95,92782920.879,49635856.071,30061014.039,520569362.716,148756474.119,33993837.588,81412822.71,15026317.819,8216575.255,129363893.932,163357731.52,-944902.731,53939500.241,42210412.843,,,,69842935.22,,,427786441.83699995,93870241.17899996,115028458.31099999,166873911.405,313288926.724,121147318.677,944902.731
SFBT,2015-09-30,2015,9M,TND,unite,534220783.049,189674459.441,342153042.383,65753384.627,66119502.328,36756790.295,3731003.303,321444532.93,2673730.244,-169253164.392,-860970.224,393681326.248,105000000.0,140539456.801,90654189.377,49885267.425,40423410.682,534220783.049,235883821.531,52657052.671,96939009.767,22116974.793,13340823.968,205901236.886,258558289.556,-1504389.552,54284768.251,65997876.639,,,,123295453.215,,,443566593.67300004,101413551.29000002,91449476.273,170114134.616,324118263.174,192560412.918,1504389.552
SFBT,2015-12-31,2015,FY,TND,unite,547872203.383,194660856.924,350389884.108,67190312.047,51465989.514,62366259.188,3720176.322,332178576.826,2769022.798,-172475195.239,-879162.587,409212066.73,105000000.0,138660136.653,88525457.875,50134678.778,50785807.325,547872203.383,323011168.943,71320267.753,112465196.824,29207631.767,18465072.681,282438579.839,353758847.592,18465073.0,54630036.261,89785341.0,121010733.0,-751505.0,285995167.0,176747971.0,109247196.0,47437259.0,459346745.508,108956861.40000004,67870494.236,173354357.826,334947599.62399995,263973507.158,0.0
SFBT,2016-03-31,2016,T1,TND,unite,554317944.776,195809056.866,356190630.676,71424454.034,65132421.601,43812311.42,3735420.703,336502324.086,2886691.411,-175957404.131,-895643.001,414448556.061,112500000.0,139869388.715,89054570.812,50814817.903,40142046.17,554317944.776,111814609.444,19436662.894,44236489.331,8428275.284,4303539.017,93454912.394,112891575.288,-1054942.545,29839753.514,23740201.911000002,,,,64340047.278,,,465263373.964,109072743.28799999,96414829.46499999,176853047.132,339389015.49700004,89151373.37699999,1054942.545
SFBT,2016-06-30,2016,S1,TND,unite,560763686.169,196957256.809,361991377.244,75658596.02,78798853.688,25258363.652,3750665.085,340826071.346,3004360.025,-179439613.022,-912123.415,419685045.392,120000000.0,141078640.777,89583683.749,51494957.028,29498285.014,560763686.169,223629218.888,38873325.789,88472978.662,16856550.568,8607078.034,186909824.787,225783150.576,-2109885.089,59679507.029,47480403.823,,,,128680094.556,,,471180002.42,109188625.176,124959164.694,180351736.437,343830431.371,178302746.753,2109885.089
SFBT,2016-09-30,2016,9M,TND,unite,594263891.171,215989452.925,375759590.43,70857107.865,73551624.368,57408650.689,3732716.265,346798363.178,,-183434051.242,-1114784.618,444162803.612,120000000.0,150101087.558,96580876.619,53520210.939,38009306.637,594263891.171,378852491.478,69133580.909,112984736.882,24353957.414,14285246.501,313001342.046,382134922.954,-2145196.32,60122498.58,83418827.41,,,,215598041.41,,,497683014.551,121923424.12099999,106399425.59599999,184548835.86,346798363.178,298716095.545,2145196.32
SFBT,2016-12-31,2016,FY,TND,unite,627764096.172,235021649.042,389527803.616,66055619.709,68304395.048,89558937.725,3714767.445,352770655.011,,-187428489.462,-1317445.821,468640561.832,120000000.0,159123534.34,103578069.49,55545464.85,46520328.259,627764096.172,534075764.068,99393836.029,137496495.102,31851364.261,19963414.968,439092859.304,538486695.333,19963415.0,60565490.132,119357251.0,154089478.0,-153365.0,476816158.0,302515988.0,174300170.0,59444642.0,524186026.68200004,134658223.06600004,87839686.498,188745935.28300002,352770655.011,419129444.336,0.0
SFBT,2017-03-31,2017,T1,TND,unite,621237390.954,227695059.601,390351795.533,69767946.897,76947421.41,64859372.798,3701270.117,357873387.921,,-191501125.483,-1533468.321,473511097.025,125966850.829,147726293.93,90702656.077,57023637.853,40504584.033,621237390.954,120999557.514,22820135.997,47797593.722,9191414.173,4649681.428,99175000.404,121995136.401,-1508925.608,30948983.42,27469817.425,,,,71269156.164,,,530534734.87799996,140182939.34499997,106210784.27399999,193034593.80400002,357873387.921,94525318.976,1508925.608
SFBT,2017-06-30,2017,S1,TND,unite,614638166.79,220287063.61,391184942.915,73521522.165,85686481.398,39885368.26,3687622.818,363032817.864,3507403.536,-195619013.016,-1751891.071,478435749.275,132000000.0,136202417.515,77684182.515,58518235.0,34421998.205,614638166.79,241999115.028,45640271.993,95595187.443,18382828.346,9299362.856,198350000.809,243990272.802,-3017851.216,61897966.841,54939634.849,,,,142538312.328,,,536953984.275,145769041.35999995,124786005.35800003,197370904.087,366540221.40000004,189050637.95299998,3017851.216
SFBT,2017-09-30,2017,9M,TND,unite,705110985.752,262569201.199,438971514.735,77942150.177,81515621.762,82729244.297,3661145.434,400864066.395,3622906.411,-208564708.726,-2426598.446,508153923.473,,148242452.044,87488853.944,60753598.1,39448129.265,656396375.517,406958845.771,78794200.088,125356570.641,26554779.196,16428260.168,332426575.225,411220775.313,-4063019.824,63209391.874,95222460.256,,,,232769369.75,,,568907521.573,129936006.83799994,120009642.67400001,210991307.17200002,404486972.806,315998315.05700004,4063019.824
SFBT,2017-12-31,2017,FY,TND,unite,795583804.713,304851338.789,486758086.556,82362778.189,77344762.125,125573120.334,3634668.05,438695314.925,3738409.286,-221510404.436,-3101305.821,537872097.671,,160282486.574,97293525.374,62988961.2,44474260.325,698154584.245,571918576.513,111948128.182,155117953.839,34726730.045,23557157.479,466503149.642,578451277.824,-5108188.432,64520816.908,135505.0,173732.0,-302.0,521358.0,323000.0,198357.0,48925.0,600861058.871,114102972.31500006,115233279.98900001,224611710.257,442433724.211,442945992.16300005,5108188.432
SFBT,2018-03-31,2018,T1,TND,unite,771446882.857,289240460.963,478362267.886,84266285.943,86079386.973,94702216.756,3634668.05,433818574.455,3691532.836,-216383422.801,-2875268.211,540569896.969,,181893234.161,117194857.683,64698376.478,47059383.382,722463131.13,138989067.908,28311250.374,55448875.072,9480467.998,4752856.702,111988141.503,140299391.877,-1025752.531,33672132.161,33064107.076,,,,81659741.338,,,605268273.447,126906005.56100005,123286289.53400001,219258691.012,437510107.291,107235284.801,1025752.531
SFBT,2018-06-30,2018,S1,TND,unite,747041772.98,273456128.939,469873162.342,86190943.784,94911063.209,63488303.139,3634668.05,428887647.979,3644135.536,-211199474.704,-2646719.071,543297671.814,165000000.0,203744101.166,137317315.906,66426785.26,49673230.028,747041772.98,277978135.817,56622500.748,110897750.143,18960935.996,9505713.404,223976283.006,280598783.754,-2051505.062,67344264.322,66128214.152,,,,163319482.675,,,609724457.074,139851294.732,131428776.965,213846193.775,432531783.515,214470569.602,2051505.062
SFBT,2018-09-30,2018,9M,TND,unite,830660095.781,329658666.309,497047329.308,83155258.265,90958714.638,122264270.767,3634668.05,457065315.44,3924125.061,-228503808.09,-3168153.596,576560091.035,165000000.0,194752697.812,125966457.461,68786240.35,52158820.213,771312788.847,464002040.694,94624426.103,116390644.364,28112505.506,17440396.655,373846514.781,468470940.885,-2929748.379,68388375.145,112064822.758,,,,267679306.673,,,645346331.385,148299002.07699996,121955152.69,231671961.686,460989440.501,356406118.12600005,2929748.379
SFBT,2018-12-31,2018,FY,TND,unite,914278418.582,385861203.679,524221496.274,80119572.747,87006366.067,181040238.396,3634668.05,485242982.901,4204114.586,-245808141.476,-3689588.121,609822510.256,165000000.0,185761294.457,114615599.017,71145695.44,54644410.399,795583804.713,650025945.572,132626351.458,121883538.585,37264075.017,25375079.905,523716746.557,656343098.015,25375080.0,69432485.968,158001432.0,198548419.0,-687765.0,597721130.0,372039131.0,225681999.0,54401196.0,680968205.6960001,156746709.4220001,112481528.41500002,249497729.597,489447097.48700005,498341666.65199995,0.0
SFBT,2019-03-31,2019,T1,TND,unite,870462982.476,356608152.852,509568828.807,93717690.723,98700280.197,130003893.923,3634668.05,469270169.969,4116470.249,-239533040.153,-3629894.005,603695185.842,181408839.779,207092604.026,134692599.926,72400004.1,51668606.776,810787789.868,145294228.441,29916597.586,58188634.895,9772056.474,6721822.652,116650990.2,146567587.786,-502703.193,34738449.917,36638420.238,,,,86954715.432,,,676095189.942,166526361.13500005,140749364.14400002,243162934.158,473386640.218,109929167.54800001,502703.193
SFBT,2019-06-30,2019,S1,TND,unite,826160708.191,327030068.127,494753353.923,107466898.898,110524126.706,78400478.955,3634668.05,453119881.337,4027852.086,-233188215.481,-3569536.621,597499780.045,198000000.0,228660928.146,154992678.623,73668249.523,48659738.668,826160708.191,290588456.882,59833195.172,116377269.789,19544112.948,13443645.304,233301980.4,293135175.572,-1005406.387,69476899.834,73276840.476,,,,173909430.863,,,671168029.568,176414675.64499998,169331286.936,236757752.102,457147733.42300004,219858335.09600002,1005406.387
SFBT,2019-09-30,2019,9M,TND,unite,810872256.452,315940703.458,490755720.239,94914838.544,93934444.416,101986799.645,3634668.05,445907598.131,3883130.686,-227349309.958,-3335421.221,643216731.714,198000000.0,227002831.673,151767420.342,75235411.331,53574673.334,870219563.387,500914552.324,112387172.618,134723153.883,28483098.999,20748671.453,393125616.229,505512788.847,-2252836.501,72112842.672,133135844.07100001,,,,283865667.608,,,718452143.045,227696422.80599993,135274609.626,230684731.179,449790728.817,372376944.77599996,2252836.501
SFBT,2019-12-31,2019,FY,TND,unite,795583804.713,304851338.789,486758086.556,82362778.189,77344762.125,125573120.334,3634668.05,438695314.925,3738409.286,-221510404.436,-3101305.821,688933683.383,198000000.0,225344735.199,148542162.061,76802573.138,58489608.001,914278418.582,711240647.766,164941150.063,153069037.977,37422085.051,28053697.601,552949252.058,717890402.121,28053698.0,74748785.51,192994848.0,233866703.0,682766.0,652696981.0,393821904.0,258875077.0,58922398.0,765736256.521,278978169.96500003,101217932.31300001,224611710.257,442433724.211,524895554.45699996,0.0
SFBT,2020-03-31,2020,T1,TND,unite,920048489.199,406919479.78,509196393.158,92650508.248,105533555.317,167342868.289,1828510.025,470229515.289,4082074.436,-240081360.114,-3444094.971,747305932.733,198000000.0,232089863.4,154415184.032,77674679.368,55585117.683,979395796.133,154681405.013,32908117.707,58372249.35,10114025.02,6957654.448,123205598.91,156113716.617,-237611.106,34477755.816,39865772.155,,,,89083001.964,,,824980612.1010001,315784218.9430001,142598945.882,243525455.08499998,474311589.72499996,116247944.462,237611.106
SFBT,2020-06-30,2020,S1,TND,unite,1044513173.685,508987620.77,531634699.76,102938238.308,133722348.508,209112616.245,22352.0,501763715.653,4425739.586,-258652315.792,-3786884.121,805678182.083,198000000.0,238834991.602,160288206.004,78546785.598,52680627.366,1044513173.685,309362810.026,65816235.415,116744498.7,20228050.039,13915308.896,246411197.819,312227433.234,-475222.212,68955511.632,79731544.311,,,,178166003.929,,,884224967.681,352590267.921,183979959.45,262439199.913,506189455.239,232495888.923,475222.212
SFBT,2020-09-30,2020,9M,TND,unite,1008272578.176,468907127.107,535490620.308,91624063.824,110429065.965,222080848.472,1828510.025,514910438.072,4856304.885,-265234246.127,-3840228.121,767321386.36,222750000.0,240951191.816,161148632.566,79802559.25,52488704.913,1008272578.176,530648432.296,120835302.078,158933569.977,29373852.455,24284070.034,414220834.549,535056136.627,-721197.313,71215495.269,145119372.112,,,,285913586.955,,,847123945.61,311633325.302,149564424.876,269074474.248,519766742.957,389936764.51500005,721197.313
SFBT,2020-12-31,2020,FY,TND,unite,972031982.668,428826633.443,539346540.857,80309889.339,87135783.421,235049080.698,3634668.05,528057160.491,5286870.183,-271816176.462,-3893572.121,728964590.638,247500000.0,243067392.03,162009059.127,81058332.903,52296782.461,972031982.668,751934054.565,175854368.74,201122641.255,38519654.872,34652831.172,582030471.28,757884840.02,967172.0,73475478.906,210507199.0,252554493.0,940973.0,684937200.0,393661170.0,291276030.0,60206721.0,810022923.541,270676382.684,115148890.299,275709748.583,533344030.674,547377640.1079999,0.0
SFBT,2021-03-31,2021,T1,TND,unite,966700605.159,424600283.074,538547137.853,90103806.017,108863824.964,192555811.848,1838488.799,532128841.416,5337772.049,-278542481.969,-3978817.038,705490917.049,247500000.0,261209688.11,179411840.902,81797847.208,61977441.033,966700605.159,151617909.148,35267988.37,64877167.113,9643915.943,7638530.125,117730218.392,152998206.762,-198426.978,36131699.63,42906518.495,,,,88102570.756,,,787288764.257,248741626.40399992,136990189.948,282521299.00699997,537466613.465,110091688.267,198426.978
SFBT,2021-06-30,2021,S1,TND,unite,961309990.122,420326973.256,537738852.594,100006543.992,130833289.191,149590395.567,22352.0,536245763.241,5389239.492,-285343524.203,-4065009.121,681756424.865,247500000.0,279553565.257,197007986.919,82545578.338,71765662.478,961309990.122,303235818.296,70535976.74,129754334.227,19287831.887,15277060.25,235460436.784,305996413.524,-396853.955,72263399.26,85813036.99,,,,176205141.512,,,764302003.2030001,226563150.6090001,159074170.70499998,289408533.324,541635002.733,220183376.534,396853.955
SFBT,2021-09-30,2021,9M,TND,unite,,,,,,,,,,,,,,,,,,,,,,,,,,,,,,,,,,,,,0.0,0.0,0.0,,
SFBT,2021-12-31,2021,FY,TND,unite,,,,,,,,,,,,,,,,,,,,,,38883992.0,,,,713152.0,73087568.0,,,740939.0,,381220982.0,,65878924.0,,,0.0,0.0,0.0,,0.0
SFBT,2022-03-31,2022,T1,TND,unite,,,,,,,,,,,,,,,,,,,170200642.724,43933725.099,73425671.397,10111039.057,7329191.462,128101150.734,172034875.833,-136649.698,37095275.165,51262916.561,,,,90711117.65,,,,,0.0,0.0,0.0,120771959.272,136649.698
SFBT,2022-06-30,2022,S1,TND,unite,1006137695.818,466072186.182,539751118.686,119430798.603,160171580.017,77055793.316,80114000.0,535158459.041,,-280719860.994,,744693590.655,247500000.0,261444105.163,176468259.615,84975845.548,77100113.175,1006137695.818,340401285.448,87867450.198,146851342.794,20222078.115,14658382.924,256202301.468,344069751.666,-273299.396,74190550.33,102525833.122,,,,181422235.301,,,829669436.203,289918317.51699996,202502265.445,280719860.994,535158459.041,241543918.544,273299.396
SFBT,2022-09-30,2022,9M,TND,unite,,,,,,,,,,,,,,,,,,,,,,,,,,,,,,,,,,,,,0.0,0.0,0.0,,
SFBT,2022-12-31,2022,FY,TND,unite,,,,,,,,,,,,,,,,,,,,,,,,,,,,,,,,,,,,,0.0,0.0,0.0,,
SFBT,2023-03-31,2023,T1,TND,unite,,,,,,,,,,,,,,,,,,,178761696.742,40824575.367,75107845.087,10601698.46,6335172.685,139707516.171,180532091.539,212090.465,42115633.124,47159748.052,,,,102410464.179,,,,,0.0,0.0,0.0,133372343.486,0.0
SFBT,2023-06-30,2023,S1,TND,unite,1083461330.593,551117804.412,532059014.775,151166655.583,145670702.619,79185821.209,136965942.408,557232487.894,,-306813009.405,,797281218.1,247500000.0,286180112.493,189720539.495,96459572.998,61074815.636,1083461330.593,357523393.484,81649150.735,150215690.173,21203396.92,12670345.369,279415032.342,361064183.077,424180.929,84231266.248,94319496.104,,,,204820928.358,,,893740791.098,361681776.3230001,235762542.566,306813009.405,557232487.894,266744686.97300002,0.0
SFBT,2023-09-30,2023,9M,TND,unite,1127813714.256,590999378.945,536522010.077,143531545.757,144427802.799,96430888.06,174494465.268,562722758.36,,-313042286.641,,848857614.48,247500000.0,278956099.776,175557252.954,103398846.823,58479793.392,1127813714.256,592194400.643,139647203.324,201874704.882,32014553.733,26030633.177,457723431.047,597370634.372,988631.765,88256132.3,165677836.501,,,,323670069.405,,,952256461.303,415734451.22599995,229479555.164,313042286.641,562722758.36,431692797.87,0.0
SFBT,2023-12-31,2023,FY,TND,unite,1172166097.919,630880953.478,540985005.379,135896435.932,143184902.978,113675954.912,212022988.128,568213028.825,5089693.203,-319271563.878,-4643195.738,900434010.859,247500000.0,271732087.06,161393966.412,110338120.648,55884771.148,1172166097.919,826865407.803,197645255.914,253533719.592,42825710.545,39390920.985,636031829.752,833677085.666,1553082.602,92280998.352,237036177.0,283992420.0,1455775.0,763525790.0,442519210.0,321006580.0,79371399.0,1010772131.507,469787126.128,223196567.76199996,323914759.616,573302722.028,596640908.767,0.0
SFBT,2024-03-31,2024,T1,TND,unite,1178999292.832,634488627.432,543863398.428,145098794.044,184971979.122,93367915.117,183011940.199,573472961.579,,-325659940.745,,878447649.794,257812500.0,300551643.038,188220355.715,112331287.323,73570779.345,1178999292.832,183545550.151,39689034.601,77313601.87,11358159.905,7946463.811,145309874.229,184998908.829,450220.92,47293602.975,47635498.412,,,,96565748.622,,,990778937.117,446915538.689,256499993.821,325659940.745,573472961.579,137363410.418,0.0
SFBT,2024-06-30,2024,S1,TND,unite,1185832487.746,638096301.386,546741791.478,154301152.156,226759055.266,73059875.322,154000892.271,578732894.333,,-332048317.612,,856461288.73,268125000.0,329371199.016,215046745.018,114324453.998,91256787.542,1185832487.746,367091100.302,79378069.202,154627203.741,22716319.81,15892927.622,290619748.457,369997817.659,900441.839,94587205.949,95270996.824,,,,193131497.244,,,970785742.728,424043951.25,289803419.88,332048317.612,578732894.333,274726820.83500004,0.0
SFBT,2024-09-30,2024,9M,TND,unite,1233802671.355,681682256.247,551078530.316,153210719.532,185326247.679,102666658.842,214436493.568,587776712.626,,-338704619.525,,905231285.463,268125000.0,328571385.892,213202466.694,115368919.198,85577799.832,1233802671.355,601838363.317,141063246.935,203389613.624,34555828.144,25630153.871,465186562.713,606249809.647,1959917.34,102551954.594,166693400.806,,,,306328266.176,,,1020600204.661,469521674.345,252959167.37899995,338704619.525,587776712.626,439556408.842,0.0
SFBT,2024-12-31,2024,FY,TND,unite,1281772854.965,725268211.109,555415269.154,152120286.909,143893440.092,132273442.362,274872094.865,596820530.92,5239053.395,-345360921.439,-4976481.282,954001282.196,268125000.0,327771572.769,211358188.371,116413384.398,79898812.122,1281772854.965,836585626.332,202748424.667,252152023.507,46395336.477,35367380.12,639753376.968,842501801.635,3019392.842,110516703.238,238115805.0,309596343.0,1024913.0,767083570.0,419525035.0,347558535.0,70502355.0,1070414666.594,514999397.43999994,216114914.87900007,350337402.721,602059584.3149999,604385996.848,0.0
SFBT,2025-03-31,2025,T1,TND,unite,1266158247.682,703087144.577,561145108.209,164657103.456,180034136.366,161487158.221,172650393.579,602382886.684,,-351845476.53,,931573181.421,268125000.0,334585066.26,217067267.229,117517799.032,87648113.174,1266158247.682,178920995.017,40175710.407,84818843.78,13746627.297,6135800.786,140263493.129,180439203.536,2559173.935,53635866.678,46311511.0,65857437.0,138371.5,161621200.5,86792941.0,74828259.5,16383346.0,1049090980.4530001,487945872.2440001,257043126.64800003,351845476.53,602382886.684,134127692.34300001,0.0
SFBT,2025-06-30,2025,S1,TND,unite,1250370144.762,680659621.751,566938612.143,177333217.964,216576395.931,191025470.923,69292895.612,608007046.401,,-358402082.233,,908895879.527,268125000.0,341474265.235,222839780.296,118634484.939,95483517.572,1250370144.762,357841990.034,80351420.814,169637687.561,27493254.595,12271601.571,280526986.258,360878407.072,5118347.87,107271733.356,92623022.0,131714874.0,276743.0,323242401.0,173585882.0,149656519.0,32766692.0,1027530364.466,460591752.32299995,298426096.32299995,358402082.233,608007046.401,268255384.687,0.0
