Societe,Date,Annee,Periode,Liquidité,Structure financière,Gestion des actifs,Gestion des risques,Rentabilité,Productivité RH,Cycle d'exploitation,SGPI_sur_100,Couverture_%
AB inBev,2015-12-31,2015,FY,,,,,,,3.75,75.0,10.0
AB inBev,2016-12-31,2016,FY,,,,,,,5.0,100.0,10.0
AB inBev,2017-12-31,2017,FY,,,,,,,5.0,100.0,10.0
AB inBev,2018-12-31,2018,FY,,,,,,,5.0,100.0,10.0
AB inBev,2019-12-31,2019,FY,,,,,,,5.0,100.0,10.0
AB inBev,2020-12-31,2020,FY,,,,,,,5.0,100.0,10.0
AB inBev,2021-12-31,2021,FY,,,,,,,5.0,100.0,10.0
AB inBev,2022-12-31,2022,FY,0.5,3.0,2.0,,3.0,,3.5,48.8,85.0
AB inBev,2023-12-31,2023,FY,0.5,3.75,2.0,,3.0,,3.5,52.4,85.0
AB inBev,2024-12-31,2024,FY,1.25,3.75,2.0,,3.0,,3.5,55.0,85.0
AB inBev,2025-12-31,2025,FY,1.25,3.75,2.0,,3.0,,3.5,55.0,85.0
Coca-Cola,2015-12-31,2015,FY,2.0,1.5,3.5,,4.33,,4.33,62.2,85.0
Coca-Cola,2016-12-31,2016,FY,2.0,1.5,3.5,,4.33,,4.33,62.2,85.0
Coca-Cola,2017-12-31,2017,FY,2.33,1.0,3.5,,3.67,,4.33,57.1,85.0
Coca-Cola,2018-12-31,2018,FY,1.75,1.0,2.0,,4.0,,4.33,51.7,85.0
Coca-Cola,2019-12-31,2019,FY,0.5,1.0,2.0,,4.0,,4.33,47.3,85.0
Coca-Cola,2020-12-31,2020,FY,2.75,1.0,2.0,,4.0,,4.33,55.2,85.0
Coca-Cola,2021-12-31,2021,FY,2.5,1.5,2.0,,4.0,,4.33,56.7,85.0
Coca-Cola,2022-12-31,2022,FY,2.5,1.5,2.0,,4.0,,4.33,56.7,85.0
Coca-Cola,2023-12-31,2023,FY,2.5,1.5,2.0,,4.0,,4.33,56.7,85.0
Coca-Cola,2024-12-31,2024,FY,2.0,1.5,2.0,,4.33,,3.33,54.5,85.0
Coca-Cola,2025-12-31,2025,FY,3.0,1.5,2.0,,4.0,,4.33,58.4,85.0
DELICE,2015-12-31,2015,FY,5.0,3.75,3.0,0.0,0.67,5.0,5.0,57.3,100.0
DELICE,2016-12-31,2016,FY,5.0,3.75,3.0,0.0,0.67,5.0,5.0,57.3,100.0
DELICE,2017-12-31,2017,FY,5.0,3.75,3.0,0.0,0.67,5.0,5.0,57.3,100.0
DELICE,2018-12-31,2018,FY,1.33,2.25,4.33,,4.33,,4.5,66.7,85.0
DELICE,2019-12-31,2019,FY,1.33,1.5,3.67,,4.33,,4.5,60.8,85.0
DELICE,2020-12-31,2020,FY,5.0,3.75,3.33,0.0,,,,66.7,60.0
DELICE,2021-12-31,2021,FY,5.0,3.75,3.33,0.0,,,,66.7,60.0
DELICE,2022-12-31,2022,FY,5.0,3.75,3.33,0.0,,,,66.7,60.0
DELICE,2023-12-31,2023,FY,5.0,3.75,3.33,0.0,,,,66.7,60.0
DELICE,2024-12-31,2024,FY,5.0,3.75,2.33,3.0,,,,71.7,60.0
DELICE,2025-12-31,2025,FY,5.0,3.75,1.67,3.0,,,,68.3,60.0
SFBT,2005-03-31,2005,T1,,,,,,5.0,5.0,100.0,15.0
SFBT,2005-06-30,2005,S1,2.0,4.0,4.0,3.0,3.67,5.0,0.75,64.8,100.0
SFBT,2005-09-30,2005,9M,2.25,3.75,4.0,3.0,4.0,4.0,0.75,65.3,100.0
SFBT,2005-12-31,2005,FY,3.25,3.75,3.0,3.0,4.0,4.0,1.75,67.3,100.0
SFBT,2006-03-31,2006,T1,2.75,3.75,4.0,3.0,2.33,5.0,0.75,59.4,100.0
SFBT,2006-06-30,2006,S1,2.5,4.0,4.0,3.0,3.67,5.0,0.75,66.3,100.0
SFBT,2006-09-30,2006,9M,2.25,3.75,4.0,3.0,4.67,5.0,0.75,69.6,100.0
SFBT,2006-12-31,2006,FY,2.75,3.75,4.0,3.0,4.0,4.0,2.25,69.8,100.0
SFBT,2007-03-31,2007,T1,2.75,3.75,4.0,3.0,2.33,5.0,0.75,59.4,100.0
SFBT,2007-06-30,2007,S1,2.75,3.75,3.0,3.0,3.67,5.0,0.75,63.1,100.0
SFBT,2007-09-30,2007,9M,2.75,3.75,4.0,3.0,4.67,5.0,0.75,71.1,100.0
SFBT,2007-12-31,2007,FY,3.25,3.75,4.0,3.0,4.0,5.0,2.5,72.8,100.0
SFBT,2008-03-31,2008,T1,3.25,3.75,4.0,3.0,2.33,5.0,0.75,60.9,100.0
SFBT,2008-06-30,2008,S1,3.25,3.75,5.0,3.0,3.67,5.0,0.75,70.6,100.0
SFBT,2008-09-30,2008,9M,3.25,3.75,4.0,3.0,4.67,5.0,0.75,72.6,100.0
SFBT,2008-12-31,2008,FY,3.25,3.75,4.0,3.0,4.0,5.0,2.5,72.8,100.0
SFBT,2009-03-31,2009,T1,2.75,3.75,4.0,3.0,2.33,5.0,0.75,59.4,100.0
SFBT,2009-06-30,2009,S1,3.25,3.75,4.0,3.0,3.67,5.0,0.75,67.6,100.0
SFBT,2009-09-30,2009,9M,4.75,4.25,4.0,3.0,4.67,5.0,0.75,79.1,100.0
SFBT,2009-12-31,2009,FY,5.0,4.25,4.0,3.0,4.0,5.0,1.75,78.5,100.0
SFBT,2010-03-31,2010,T1,5.0,4.25,5.0,3.0,1.33,5.0,0.75,66.2,100.0
SFBT,2010-06-30,2010,S1,4.0,4.25,5.0,3.0,3.67,5.0,0.75,74.8,100.0
SFBT,2010-09-30,2010,9M,4.0,4.25,5.0,3.0,4.67,5.0,0.75,79.8,100.0
SFBT,2010-12-31,2010,FY,4.25,4.25,5.0,3.0,4.0,5.0,1.25,78.3,100.0
SFBT,2011-03-31,2011,T1,3.5,4.25,5.0,3.0,2.33,5.0,0.75,66.7,100.0
SFBT,2011-06-30,2011,S1,3.25,3.75,4.0,3.0,3.67,5.0,0.75,67.6,100.0
SFBT,2011-09-30,2011,9M,3.5,4.25,4.0,3.0,4.33,4.0,1.25,73.7,100.0
SFBT,2011-12-31,2011,FY,4.25,4.25,4.0,3.0,4.0,4.0,2.25,76.2,100.0
SFBT,2012-03-31,2012,T1,3.75,4.25,5.0,3.0,1.33,5.0,0.75,62.4,100.0
SFBT,2012-06-30,2012,S1,3.25,3.75,5.0,3.0,3.67,5.0,0.75,70.6,100.0
SFBT,2012-09-30,2012,9M,3.75,4.25,4.0,3.0,4.33,4.0,1.25,74.4,100.0
SFBT,2012-12-31,2012,FY,4.25,4.25,4.0,3.0,4.0,4.0,2.0,75.8,100.0
SFBT,2013-03-31,2013,T1,3.5,4.25,4.0,3.0,3.0,5.0,0.75,67.0,100.0
SFBT,2013-06-30,2013,S1,3.25,3.75,4.0,3.0,4.67,5.0,0.75,72.6,100.0
SFBT,2013-09-30,2013,9M,3.75,4.25,4.0,3.0,4.33,5.0,1.25,75.4,100.0
SFBT,2013-12-31,2013,FY,4.25,4.25,4.0,3.0,4.0,4.0,2.0,75.8,100.0
SFBT,2014-03-31,2014,T1,4.0,4.25,4.0,3.0,2.33,5.0,0.75,65.2,100.0
SFBT,2014-06-30,2014,S1,3.5,4.25,4.0,3.0,3.67,5.0,0.75,70.3,100.0
SFBT,2014-09-30,2014,9M,5.0,4.25,4.0,3.0,4.33,5.0,1.25,79.2,100.0
SFBT,2014-12-31,2014,FY,5.0,4.25,4.0,3.0,4.0,4.0,2.75,79.5,100.0
SFBT,2015-03-31,2015,T1,4.25,4.25,4.0,3.0,2.33,5.0,0.75,65.9,100.0
SFBT,2015-06-30,2015,S1,3.5,4.25,5.0,3.0,3.67,5.0,0.75,73.3,100.0
SFBT,2015-09-30,2015,9M,5.0,4.25,5.0,3.0,4.67,5.0,0.75,82.8,100.0
SFBT,2015-12-31,2015,FY,5.0,4.25,5.0,3.0,4.0,4.0,2.5,82.0,100.0
SFBT,2016-03-31,2016,T1,5.0,4.25,5.0,3.0,2.33,5.0,0.75,71.2,100.0
SFBT,2016-06-30,2016,S1,4.25,4.25,5.0,3.0,3.67,5.0,0.75,75.6,100.0
SFBT,2016-09-30,2016,9M,5.0,4.25,5.0,3.0,4.33,5.0,2.25,84.2,100.0
SFBT,2016-12-31,2016,FY,4.75,4.25,5.0,5.0,4.0,5.0,4.25,89.8,100.0
SFBT,2017-03-31,2017,T1,5.0,4.25,5.0,3.0,2.33,5.0,0.75,71.2,100.0
SFBT,2017-06-30,2017,S1,5.0,4.25,5.0,3.0,3.67,5.0,0.75,77.8,100.0
SFBT,2017-09-30,2017,9M,4.75,4.25,5.0,3.0,4.33,5.0,1.75,82.4,100.0
SFBT,2017-12-31,2017,FY,4.75,4.25,5.0,5.0,4.0,5.0,2.5,86.2,100.0
SFBT,2018-03-31,2018,T1,4.75,4.25,5.0,3.0,2.33,5.0,0.75,70.4,100.0
SFBT,2018-06-30,2018,S1,4.75,4.25,5.0,3.0,3.67,5.0,0.75,77.1,100.0
SFBT,2018-09-30,2018,9M,4.75,4.25,5.0,3.0,4.33,5.0,2.25,83.4,100.0
SFBT,2018-12-31,2018,FY,4.75,4.25,5.0,5.0,4.0,4.0,4.25,88.8,100.0
SFBT,2019-03-31,2019,T1,4.75,4.25,5.0,3.0,1.33,5.0,0.75,65.4,100.0
SFBT,2019-06-30,2019,S1,5.0,4.25,5.0,3.0,3.67,5.0,0.75,77.8,100.0
SFBT,2019-09-30,2019,9M,5.0,4.25,5.0,5.0,4.0,5.0,1.75,85.5,100.0
SFBT,2019-12-31,2019,FY,4.75,4.0,5.0,5.0,4.0,5.0,4.75,89.8,100.0
SFBT,2020-03-31,2020,T1,4.75,4.0,5.0,3.0,1.33,5.0,0.75,64.4,100.0
SFBT,2020-06-30,2020,S1,4.75,4.0,5.0,3.0,4.0,5.0,0.75,77.8,100.0
SFBT,2020-09-30,2020,9M,4.75,4.0,5.0,5.0,4.33,5.0,2.25,86.4,100.0
SFBT,2020-12-31,2020,FY,4.75,4.0,5.0,5.0,4.0,5.0,4.75,89.8,100.0
SFBT,2021-03-31,2021,T1,4.75,4.25,5.0,3.0,1.33,5.0,0.75,65.4,100.0
SFBT,2021-06-30,2021,S1,5.0,4.25,5.0,3.0,3.67,5.0,0.75,77.8,100.0
SFBT,2021-09-30,2021,9M,,,,,,,,,0.0
SFBT,2021-12-31,2021,FY,,,,,,,,,0.0
SFBT,2022-03-31,2022,T1,,,,,,5.0,5.0,100.0,15.0
SFBT,2022-06-30,2022,S1,5.0,4.0,5.0,3.0,4.67,5.0,0.75,81.8,100.0
SFBT,2022-09-30,2022,9M,,,,,,,,,0.0
SFBT,2022-12-31,2022,FY,,,,,,,,,0.0
SFBT,2023-03-31,2023,T1,,,,,,5.0,5.0,100.0,15.0
SFBT,2023-06-30,2023,S1,5.0,4.0,5.0,3.0,3.67,5.0,0.75,76.8,100.0
SFBT,2023-09-30,2023,9M,5.0,4.0,5.0,5.0,4.33,5.0,1.75,86.2,100.0
SFBT,2023-12-31,2023,FY,5.0,4.0,5.0,5.0,4.0,5.0,2.25,85.5,100.0
SFBT,2024-03-31,2024,T1,5.0,4.0,5.0,3.0,1.33,5.0,0.75,65.2,100.0
SFBT,2024-06-30,2024,S1,5.0,4.0,5.0,3.0,3.67,5.0,0.75,76.8,100.0
SFBT,2024-09-30,2024,9M,5.0,4.0,4.67,5.0,4.33,5.0,0.75,83.2,100.0
SFBT,2024-12-31,2024,FY,5.0,4.0,4.67,5.0,4.0,5.0,1.75,83.5,100.0
SFBT,2025-03-31,2025,T1,5.0,4.0,4.67,3.0,1.33,5.0,0.75,64.2,100.0
SFBT,2025-06-30,2025,S1,4.75,4.0,5.0,3.0,3.67,5.0,0.75,76.1,100.0
